usu_codigo;usu_login;usu_senha;usu_estado;usu_data_criacao;usu_primeiro_login;usu_redefinir_senha;pes_codigo;tus_codigo;gra_codigo
7;at.augue@augue.ca;5d68217d0c3ddfc029f1f8f2e61a80a8256342f27893ff0fe55da861e75325d6f7c805a26cae587f01aee7980700e8f06422c233a0e2a8e9bf26aad0c39e00c6;1;2020-01-06;1;0;7;4;1
8;egestas.Aliquam@orci.edu;5d68217d0c3ddfc029f1f8f2e61a80a8256342f27893ff0fe55da861e75325d6f7c805a26cae587f01aee7980700e8f06422c233a0e2a8e9bf26aad0c39e00c6;1;2018-10-17;1;0;8;4;1
9;adipiscing@elitpellentesquea.net;5d68217d0c3ddfc029f1f8f2e61a80a8256342f27893ff0fe55da861e75325d6f7c805a26cae587f01aee7980700e8f06422c233a0e2a8e9bf26aad0c39e00c6;1;2018-10-28;1;0;9;5;1
10;pede.ultrices.a@nunc.com;5d68217d0c3ddfc029f1f8f2e61a80a8256342f27893ff0fe55da861e75325d6f7c805a26cae587f01aee7980700e8f06422c233a0e2a8e9bf26aad0c39e00c6;1;2019-03-23;1;0;10;5;1
11;Duis@quamCurabitur.edu;5d68217d0c3ddfc029f1f8f2e61a80a8256342f27893ff0fe55da861e75325d6f7c805a26cae587f01aee7980700e8f06422c233a0e2a8e9bf26aad0c39e00c6;1;2018-08-19;1;0;11;4;1
12;semper@Integermollis.edu;5d68217d0c3ddfc029f1f8f2e61a80a8256342f27893ff0fe55da861e75325d6f7c805a26cae587f01aee7980700e8f06422c233a0e2a8e9bf26aad0c39e00c6;1;2019-09-03;1;0;12;5;1
13;nibh@Nuncmauriselit.com;5d68217d0c3ddfc029f1f8f2e61a80a8256342f27893ff0fe55da861e75325d6f7c805a26cae587f01aee7980700e8f06422c233a0e2a8e9bf26aad0c39e00c6;1;2018-07-22;1;0;13;4;1
14;orci.lobortis.augue@Donecest.co.uk;5d68217d0c3ddfc029f1f8f2e61a80a8256342f27893ff0fe55da861e75325d6f7c805a26cae587f01aee7980700e8f06422c233a0e2a8e9bf26aad0c39e00c6;1;2019-03-25;1;0;14;4;1
15;semper.rutrum@nonjustoProin.ca;5d68217d0c3ddfc029f1f8f2e61a80a8256342f27893ff0fe55da861e75325d6f7c805a26cae587f01aee7980700e8f06422c233a0e2a8e9bf26aad0c39e00c6;1;2018-12-17;1;0;15;4;1
16;nec.euismod@maurisInteger.co.uk;5d68217d0c3ddfc029f1f8f2e61a80a8256342f27893ff0fe55da861e75325d6f7c805a26cae587f01aee7980700e8f06422c233a0e2a8e9bf26aad0c39e00c6;1;2019-06-15;1;0;16;5;1
17;Morbi.sit@nuncinterdum.org;5d68217d0c3ddfc029f1f8f2e61a80a8256342f27893ff0fe55da861e75325d6f7c805a26cae587f01aee7980700e8f06422c233a0e2a8e9bf26aad0c39e00c6;1;2019-06-03;1;0;17;5;1
18;Aenean@lorem.com;5d68217d0c3ddfc029f1f8f2e61a80a8256342f27893ff0fe55da861e75325d6f7c805a26cae587f01aee7980700e8f06422c233a0e2a8e9bf26aad0c39e00c6;1;2019-05-23;1;0;18;5;1
19;urna@diamvelarcu.ca;5d68217d0c3ddfc029f1f8f2e61a80a8256342f27893ff0fe55da861e75325d6f7c805a26cae587f01aee7980700e8f06422c233a0e2a8e9bf26aad0c39e00c6;1;2019-04-29;1;0;19;5;1
20;Phasellus.nulla.Integer@vulputate.org;5d68217d0c3ddfc029f1f8f2e61a80a8256342f27893ff0fe55da861e75325d6f7c805a26cae587f01aee7980700e8f06422c233a0e2a8e9bf26aad0c39e00c6;1;2019-06-20;1;0;20;5;1
21;sit.amet@in.ca;5d68217d0c3ddfc029f1f8f2e61a80a8256342f27893ff0fe55da861e75325d6f7c805a26cae587f01aee7980700e8f06422c233a0e2a8e9bf26aad0c39e00c6;1;2020-02-20;1;0;21;5;1
22;turpis.Nulla.aliquet@lacuspedesagittis.com;5d68217d0c3ddfc029f1f8f2e61a80a8256342f27893ff0fe55da861e75325d6f7c805a26cae587f01aee7980700e8f06422c233a0e2a8e9bf26aad0c39e00c6;1;2019-09-02;1;0;22;5;1
23;quis.pede@velitinaliquet.edu;5d68217d0c3ddfc029f1f8f2e61a80a8256342f27893ff0fe55da861e75325d6f7c805a26cae587f01aee7980700e8f06422c233a0e2a8e9bf26aad0c39e00c6;1;2018-09-08;1;0;23;5;1
24;Nunc.ut.erat@a.co.uk;5d68217d0c3ddfc029f1f8f2e61a80a8256342f27893ff0fe55da861e75325d6f7c805a26cae587f01aee7980700e8f06422c233a0e2a8e9bf26aad0c39e00c6;1;2019-06-04;1;0;24;4;1
25;quis@luctusutpellentesque.org;5d68217d0c3ddfc029f1f8f2e61a80a8256342f27893ff0fe55da861e75325d6f7c805a26cae587f01aee7980700e8f06422c233a0e2a8e9bf26aad0c39e00c6;1;2020-01-30;1;0;25;5;1
26;lacinia.at.iaculis@utcursusluctus.net;5d68217d0c3ddfc029f1f8f2e61a80a8256342f27893ff0fe55da861e75325d6f7c805a26cae587f01aee7980700e8f06422c233a0e2a8e9bf26aad0c39e00c6;1;2019-05-26;1;0;26;5;1
27;nonummy.ut@vitae.edu;5d68217d0c3ddfc029f1f8f2e61a80a8256342f27893ff0fe55da861e75325d6f7c805a26cae587f01aee7980700e8f06422c233a0e2a8e9bf26aad0c39e00c6;1;2019-05-19;1;0;27;4;1
28;rutrum.urna.nec@odio.ca;5d68217d0c3ddfc029f1f8f2e61a80a8256342f27893ff0fe55da861e75325d6f7c805a26cae587f01aee7980700e8f06422c233a0e2a8e9bf26aad0c39e00c6;1;2020-04-04;1;0;28;5;1
29;tellus.faucibus.leo@vulputatelacusCras.net;5d68217d0c3ddfc029f1f8f2e61a80a8256342f27893ff0fe55da861e75325d6f7c805a26cae587f01aee7980700e8f06422c233a0e2a8e9bf26aad0c39e00c6;1;2020-02-05;1;0;29;5;1
30;Morbi.metus@Sednullaante.edu;5d68217d0c3ddfc029f1f8f2e61a80a8256342f27893ff0fe55da861e75325d6f7c805a26cae587f01aee7980700e8f06422c233a0e2a8e9bf26aad0c39e00c6;1;2020-01-25;1;0;30;5;1
31;Suspendisse.aliquet@nonenimMauris.com;5d68217d0c3ddfc029f1f8f2e61a80a8256342f27893ff0fe55da861e75325d6f7c805a26cae587f01aee7980700e8f06422c233a0e2a8e9bf26aad0c39e00c6;1;2018-06-20;1;0;31;4;1
32;orci.lacus.vestibulum@vitae.edu;5d68217d0c3ddfc029f1f8f2e61a80a8256342f27893ff0fe55da861e75325d6f7c805a26cae587f01aee7980700e8f06422c233a0e2a8e9bf26aad0c39e00c6;1;2018-09-17;1;0;32;4;1
33;mattis@consectetuer.ca;5d68217d0c3ddfc029f1f8f2e61a80a8256342f27893ff0fe55da861e75325d6f7c805a26cae587f01aee7980700e8f06422c233a0e2a8e9bf26aad0c39e00c6;1;2020-03-26;1;0;33;4;1
34;a.arcu@Vestibulum.ca;5d68217d0c3ddfc029f1f8f2e61a80a8256342f27893ff0fe55da861e75325d6f7c805a26cae587f01aee7980700e8f06422c233a0e2a8e9bf26aad0c39e00c6;1;2020-01-05;1;0;34;4;1
35;amet.diam@neque.ca;5d68217d0c3ddfc029f1f8f2e61a80a8256342f27893ff0fe55da861e75325d6f7c805a26cae587f01aee7980700e8f06422c233a0e2a8e9bf26aad0c39e00c6;1;2020-01-30;1;0;35;4;1
36;at.risus@iaculisnec.ca;5d68217d0c3ddfc029f1f8f2e61a80a8256342f27893ff0fe55da861e75325d6f7c805a26cae587f01aee7980700e8f06422c233a0e2a8e9bf26aad0c39e00c6;1;2019-02-05;1;0;36;4;1
37;vitae@vitaedolor.edu;5d68217d0c3ddfc029f1f8f2e61a80a8256342f27893ff0fe55da861e75325d6f7c805a26cae587f01aee7980700e8f06422c233a0e2a8e9bf26aad0c39e00c6;1;2020-02-27;1;0;37;4;1
38;diam.Duis@eusem.edu;5d68217d0c3ddfc029f1f8f2e61a80a8256342f27893ff0fe55da861e75325d6f7c805a26cae587f01aee7980700e8f06422c233a0e2a8e9bf26aad0c39e00c6;1;2020-04-18;1;0;38;4;1
39;tortor.Nunc.commodo@ac.edu;5d68217d0c3ddfc029f1f8f2e61a80a8256342f27893ff0fe55da861e75325d6f7c805a26cae587f01aee7980700e8f06422c233a0e2a8e9bf26aad0c39e00c6;1;2020-02-16;1;0;39;5;1
40;venenatis@eunibhvulputate.net;5d68217d0c3ddfc029f1f8f2e61a80a8256342f27893ff0fe55da861e75325d6f7c805a26cae587f01aee7980700e8f06422c233a0e2a8e9bf26aad0c39e00c6;1;2019-06-15;1;0;40;4;1
41;tellus.id@Proinsedturpis.co.uk;5d68217d0c3ddfc029f1f8f2e61a80a8256342f27893ff0fe55da861e75325d6f7c805a26cae587f01aee7980700e8f06422c233a0e2a8e9bf26aad0c39e00c6;1;2019-08-23;1;0;41;4;1
42;erat@elitNulla.org;5d68217d0c3ddfc029f1f8f2e61a80a8256342f27893ff0fe55da861e75325d6f7c805a26cae587f01aee7980700e8f06422c233a0e2a8e9bf26aad0c39e00c6;1;2018-05-14;1;0;42;4;1
43;mollis.lectus@ipsum.org;5d68217d0c3ddfc029f1f8f2e61a80a8256342f27893ff0fe55da861e75325d6f7c805a26cae587f01aee7980700e8f06422c233a0e2a8e9bf26aad0c39e00c6;1;2020-05-03;1;0;43;5;1
44;posuere.enim.nisl@nequesedsem.com;5d68217d0c3ddfc029f1f8f2e61a80a8256342f27893ff0fe55da861e75325d6f7c805a26cae587f01aee7980700e8f06422c233a0e2a8e9bf26aad0c39e00c6;1;2018-12-17;1;0;44;4;1
45;et@estNunc.com;5d68217d0c3ddfc029f1f8f2e61a80a8256342f27893ff0fe55da861e75325d6f7c805a26cae587f01aee7980700e8f06422c233a0e2a8e9bf26aad0c39e00c6;1;2019-02-02;1;0;45;4;1
46;Nunc.quis@Proindolor.net;5d68217d0c3ddfc029f1f8f2e61a80a8256342f27893ff0fe55da861e75325d6f7c805a26cae587f01aee7980700e8f06422c233a0e2a8e9bf26aad0c39e00c6;1;2020-03-17;1;0;46;5;1
47;Sed.eget@consectetueradipiscing.net;5d68217d0c3ddfc029f1f8f2e61a80a8256342f27893ff0fe55da861e75325d6f7c805a26cae587f01aee7980700e8f06422c233a0e2a8e9bf26aad0c39e00c6;1;2019-12-13;1;0;47;4;1
48;Donec.consectetuer@Inatpede.ca;5d68217d0c3ddfc029f1f8f2e61a80a8256342f27893ff0fe55da861e75325d6f7c805a26cae587f01aee7980700e8f06422c233a0e2a8e9bf26aad0c39e00c6;1;2019-04-04;1;0;48;5;1
49;et.ipsum@nullamagnamalesuada.co.uk;5d68217d0c3ddfc029f1f8f2e61a80a8256342f27893ff0fe55da861e75325d6f7c805a26cae587f01aee7980700e8f06422c233a0e2a8e9bf26aad0c39e00c6;1;2019-09-11;1;0;49;4;1
50;augue@purusmauris.co.uk;5d68217d0c3ddfc029f1f8f2e61a80a8256342f27893ff0fe55da861e75325d6f7c805a26cae587f01aee7980700e8f06422c233a0e2a8e9bf26aad0c39e00c6;1;2019-07-18;1;0;50;5;1
51;rhoncus@Donec.edu;5d68217d0c3ddfc029f1f8f2e61a80a8256342f27893ff0fe55da861e75325d6f7c805a26cae587f01aee7980700e8f06422c233a0e2a8e9bf26aad0c39e00c6;1;2019-12-23;1;0;51;5;1
52;at.nisi.Cum@utodio.co.uk;5d68217d0c3ddfc029f1f8f2e61a80a8256342f27893ff0fe55da861e75325d6f7c805a26cae587f01aee7980700e8f06422c233a0e2a8e9bf26aad0c39e00c6;1;2020-01-16;1;0;52;4;1
53;velit.Aliquam.nisl@Maecenasmi.org;5d68217d0c3ddfc029f1f8f2e61a80a8256342f27893ff0fe55da861e75325d6f7c805a26cae587f01aee7980700e8f06422c233a0e2a8e9bf26aad0c39e00c6;1;2018-12-01;1;0;53;5;1
54;malesuada.vel@purussapiengravida.edu;5d68217d0c3ddfc029f1f8f2e61a80a8256342f27893ff0fe55da861e75325d6f7c805a26cae587f01aee7980700e8f06422c233a0e2a8e9bf26aad0c39e00c6;1;2019-10-15;1;0;54;4;1
55;nisl.Quisque@lectus.edu;5d68217d0c3ddfc029f1f8f2e61a80a8256342f27893ff0fe55da861e75325d6f7c805a26cae587f01aee7980700e8f06422c233a0e2a8e9bf26aad0c39e00c6;1;2020-02-15;1;0;55;4;1
56;nisi@loremegetmollis.co.uk;5d68217d0c3ddfc029f1f8f2e61a80a8256342f27893ff0fe55da861e75325d6f7c805a26cae587f01aee7980700e8f06422c233a0e2a8e9bf26aad0c39e00c6;1;2020-02-23;1;0;56;4;1
57;semper@ultricesmaurisipsum.net;5d68217d0c3ddfc029f1f8f2e61a80a8256342f27893ff0fe55da861e75325d6f7c805a26cae587f01aee7980700e8f06422c233a0e2a8e9bf26aad0c39e00c6;1;2019-07-23;1;0;57;4;1
58;elit.fermentum.risus@dignissim.org;5d68217d0c3ddfc029f1f8f2e61a80a8256342f27893ff0fe55da861e75325d6f7c805a26cae587f01aee7980700e8f06422c233a0e2a8e9bf26aad0c39e00c6;1;2018-07-30;1;0;58;4;1
59;parturient.montes@sociosqu.com;5d68217d0c3ddfc029f1f8f2e61a80a8256342f27893ff0fe55da861e75325d6f7c805a26cae587f01aee7980700e8f06422c233a0e2a8e9bf26aad0c39e00c6;1;2020-03-09;1;0;59;4;1
60;in.faucibus.orci@mollislectus.com;5d68217d0c3ddfc029f1f8f2e61a80a8256342f27893ff0fe55da861e75325d6f7c805a26cae587f01aee7980700e8f06422c233a0e2a8e9bf26aad0c39e00c6;1;2019-02-19;1;0;60;5;1
61;lacus.Aliquam@habitantmorbitristique.net;5d68217d0c3ddfc029f1f8f2e61a80a8256342f27893ff0fe55da861e75325d6f7c805a26cae587f01aee7980700e8f06422c233a0e2a8e9bf26aad0c39e00c6;1;2019-01-07;1;0;61;4;1
62;mollis.dui.in@sollicitudinadipiscingligula.net;5d68217d0c3ddfc029f1f8f2e61a80a8256342f27893ff0fe55da861e75325d6f7c805a26cae587f01aee7980700e8f06422c233a0e2a8e9bf26aad0c39e00c6;1;2019-10-11;1;0;62;4;1
63;sodales@luctussitamet.edu;5d68217d0c3ddfc029f1f8f2e61a80a8256342f27893ff0fe55da861e75325d6f7c805a26cae587f01aee7980700e8f06422c233a0e2a8e9bf26aad0c39e00c6;1;2018-05-04;1;0;63;4;1
64;mauris.Integer.sem@elitfermentum.com;5d68217d0c3ddfc029f1f8f2e61a80a8256342f27893ff0fe55da861e75325d6f7c805a26cae587f01aee7980700e8f06422c233a0e2a8e9bf26aad0c39e00c6;1;2019-08-15;1;0;64;5;1
65;aliquet@Cumsociis.ca;5d68217d0c3ddfc029f1f8f2e61a80a8256342f27893ff0fe55da861e75325d6f7c805a26cae587f01aee7980700e8f06422c233a0e2a8e9bf26aad0c39e00c6;1;2019-06-05;1;0;65;5;1
66;eu.tellus@ac.org;5d68217d0c3ddfc029f1f8f2e61a80a8256342f27893ff0fe55da861e75325d6f7c805a26cae587f01aee7980700e8f06422c233a0e2a8e9bf26aad0c39e00c6;1;2020-01-17;1;0;66;4;1
67;nec@dictum.ca;5d68217d0c3ddfc029f1f8f2e61a80a8256342f27893ff0fe55da861e75325d6f7c805a26cae587f01aee7980700e8f06422c233a0e2a8e9bf26aad0c39e00c6;1;2019-07-11;1;0;67;4;1
68;Donec.felis.orci@dolor.edu;5d68217d0c3ddfc029f1f8f2e61a80a8256342f27893ff0fe55da861e75325d6f7c805a26cae587f01aee7980700e8f06422c233a0e2a8e9bf26aad0c39e00c6;1;2018-05-21;1;0;68;5;1
69;cursus.a.enim@quam.ca;5d68217d0c3ddfc029f1f8f2e61a80a8256342f27893ff0fe55da861e75325d6f7c805a26cae587f01aee7980700e8f06422c233a0e2a8e9bf26aad0c39e00c6;1;2018-10-18;1;0;69;5;1
70;Duis.dignissim.tempor@aliquetlobortis.co.uk;5d68217d0c3ddfc029f1f8f2e61a80a8256342f27893ff0fe55da861e75325d6f7c805a26cae587f01aee7980700e8f06422c233a0e2a8e9bf26aad0c39e00c6;1;2018-10-20;1;0;70;5;1
71;convallis.ligula.Donec@Pellentesquetincidunt.co.uk;5d68217d0c3ddfc029f1f8f2e61a80a8256342f27893ff0fe55da861e75325d6f7c805a26cae587f01aee7980700e8f06422c233a0e2a8e9bf26aad0c39e00c6;1;2019-11-18;1;0;71;5;1
72;Ut@vestibulummassa.co.uk;5d68217d0c3ddfc029f1f8f2e61a80a8256342f27893ff0fe55da861e75325d6f7c805a26cae587f01aee7980700e8f06422c233a0e2a8e9bf26aad0c39e00c6;1;2019-05-07;1;0;72;5;1
73;mauris.eu@loremipsumsodales.com;5d68217d0c3ddfc029f1f8f2e61a80a8256342f27893ff0fe55da861e75325d6f7c805a26cae587f01aee7980700e8f06422c233a0e2a8e9bf26aad0c39e00c6;1;2020-04-03;1;0;73;5;1
74;vestibulum.Mauris@nisl.edu;5d68217d0c3ddfc029f1f8f2e61a80a8256342f27893ff0fe55da861e75325d6f7c805a26cae587f01aee7980700e8f06422c233a0e2a8e9bf26aad0c39e00c6;1;2018-09-16;1;0;74;4;1
75;nunc.sed@sitametfaucibus.ca;5d68217d0c3ddfc029f1f8f2e61a80a8256342f27893ff0fe55da861e75325d6f7c805a26cae587f01aee7980700e8f06422c233a0e2a8e9bf26aad0c39e00c6;1;2018-12-13;1;0;75;5;1
76;aptent.taciti.sociosqu@elementum.ca;5d68217d0c3ddfc029f1f8f2e61a80a8256342f27893ff0fe55da861e75325d6f7c805a26cae587f01aee7980700e8f06422c233a0e2a8e9bf26aad0c39e00c6;1;2020-02-22;1;0;76;4;1
77;Lorem.ipsum@In.org;5d68217d0c3ddfc029f1f8f2e61a80a8256342f27893ff0fe55da861e75325d6f7c805a26cae587f01aee7980700e8f06422c233a0e2a8e9bf26aad0c39e00c6;1;2020-01-31;1;0;77;4;1
78;diam.Pellentesque@Proinsedturpis.com;5d68217d0c3ddfc029f1f8f2e61a80a8256342f27893ff0fe55da861e75325d6f7c805a26cae587f01aee7980700e8f06422c233a0e2a8e9bf26aad0c39e00c6;1;2019-01-31;1;0;78;4;1
79;adipiscing.lacus@egestasDuis.edu;5d68217d0c3ddfc029f1f8f2e61a80a8256342f27893ff0fe55da861e75325d6f7c805a26cae587f01aee7980700e8f06422c233a0e2a8e9bf26aad0c39e00c6;1;2020-02-11;1;0;79;5;1
80;elit@velitinaliquet.net;5d68217d0c3ddfc029f1f8f2e61a80a8256342f27893ff0fe55da861e75325d6f7c805a26cae587f01aee7980700e8f06422c233a0e2a8e9bf26aad0c39e00c6;1;2020-04-22;1;0;80;4;1
81;Suspendisse@dolor.edu;5d68217d0c3ddfc029f1f8f2e61a80a8256342f27893ff0fe55da861e75325d6f7c805a26cae587f01aee7980700e8f06422c233a0e2a8e9bf26aad0c39e00c6;1;2020-01-07;1;0;81;5;1
82;tellus@aliquam.org;5d68217d0c3ddfc029f1f8f2e61a80a8256342f27893ff0fe55da861e75325d6f7c805a26cae587f01aee7980700e8f06422c233a0e2a8e9bf26aad0c39e00c6;1;2018-05-11;1;0;82;4;1
83;erat@vel.net;5d68217d0c3ddfc029f1f8f2e61a80a8256342f27893ff0fe55da861e75325d6f7c805a26cae587f01aee7980700e8f06422c233a0e2a8e9bf26aad0c39e00c6;1;2020-01-16;1;0;83;4;1
84;arcu@Vivamus.com;5d68217d0c3ddfc029f1f8f2e61a80a8256342f27893ff0fe55da861e75325d6f7c805a26cae587f01aee7980700e8f06422c233a0e2a8e9bf26aad0c39e00c6;1;2018-06-28;1;0;84;5;1
85;Mauris@acfermentumvel.ca;5d68217d0c3ddfc029f1f8f2e61a80a8256342f27893ff0fe55da861e75325d6f7c805a26cae587f01aee7980700e8f06422c233a0e2a8e9bf26aad0c39e00c6;1;2020-01-04;1;0;85;5;1
86;In.ornare@pellentesque.edu;5d68217d0c3ddfc029f1f8f2e61a80a8256342f27893ff0fe55da861e75325d6f7c805a26cae587f01aee7980700e8f06422c233a0e2a8e9bf26aad0c39e00c6;1;2019-08-07;1;0;86;5;1
87;lacus@ipsumdolor.ca;5d68217d0c3ddfc029f1f8f2e61a80a8256342f27893ff0fe55da861e75325d6f7c805a26cae587f01aee7980700e8f06422c233a0e2a8e9bf26aad0c39e00c6;1;2018-11-01;1;0;87;4;1
88;arcu.ac.orci@tempordiam.net;5d68217d0c3ddfc029f1f8f2e61a80a8256342f27893ff0fe55da861e75325d6f7c805a26cae587f01aee7980700e8f06422c233a0e2a8e9bf26aad0c39e00c6;1;2019-04-13;1;0;88;4;1
89;venenatis@eleifend.co.uk;5d68217d0c3ddfc029f1f8f2e61a80a8256342f27893ff0fe55da861e75325d6f7c805a26cae587f01aee7980700e8f06422c233a0e2a8e9bf26aad0c39e00c6;1;2019-11-20;1;0;89;4;1
90;amet.risus.Donec@miacmattis.org;5d68217d0c3ddfc029f1f8f2e61a80a8256342f27893ff0fe55da861e75325d6f7c805a26cae587f01aee7980700e8f06422c233a0e2a8e9bf26aad0c39e00c6;1;2019-11-23;1;0;90;4;1
91;Nunc@quisurnaNunc.org;5d68217d0c3ddfc029f1f8f2e61a80a8256342f27893ff0fe55da861e75325d6f7c805a26cae587f01aee7980700e8f06422c233a0e2a8e9bf26aad0c39e00c6;1;2018-08-07;1;0;91;4;1
92;Suspendisse.ac@dictumeu.edu;5d68217d0c3ddfc029f1f8f2e61a80a8256342f27893ff0fe55da861e75325d6f7c805a26cae587f01aee7980700e8f06422c233a0e2a8e9bf26aad0c39e00c6;1;2019-04-28;1;0;92;4;1
93;mollis@enimEtiamimperdiet.edu;5d68217d0c3ddfc029f1f8f2e61a80a8256342f27893ff0fe55da861e75325d6f7c805a26cae587f01aee7980700e8f06422c233a0e2a8e9bf26aad0c39e00c6;1;2019-10-22;1;0;93;5;1
94;sed@nibh.net;5d68217d0c3ddfc029f1f8f2e61a80a8256342f27893ff0fe55da861e75325d6f7c805a26cae587f01aee7980700e8f06422c233a0e2a8e9bf26aad0c39e00c6;1;2019-04-01;1;0;94;4;1
95;vulputate.ullamcorper.magna@metussit.com;5d68217d0c3ddfc029f1f8f2e61a80a8256342f27893ff0fe55da861e75325d6f7c805a26cae587f01aee7980700e8f06422c233a0e2a8e9bf26aad0c39e00c6;1;2018-10-24;1;0;95;5;1
96;adipiscing.fringilla@aliquetvelvulputate.org;5d68217d0c3ddfc029f1f8f2e61a80a8256342f27893ff0fe55da861e75325d6f7c805a26cae587f01aee7980700e8f06422c233a0e2a8e9bf26aad0c39e00c6;1;2019-07-06;1;0;96;4;1
97;Nam@vitaealiquam.co.uk;5d68217d0c3ddfc029f1f8f2e61a80a8256342f27893ff0fe55da861e75325d6f7c805a26cae587f01aee7980700e8f06422c233a0e2a8e9bf26aad0c39e00c6;1;2019-01-08;1;0;97;5;1
98;quam.vel@et.ca;5d68217d0c3ddfc029f1f8f2e61a80a8256342f27893ff0fe55da861e75325d6f7c805a26cae587f01aee7980700e8f06422c233a0e2a8e9bf26aad0c39e00c6;1;2019-09-21;1;0;98;5;1
99;Vestibulum.ut@cubiliaCuraeDonec.com;5d68217d0c3ddfc029f1f8f2e61a80a8256342f27893ff0fe55da861e75325d6f7c805a26cae587f01aee7980700e8f06422c233a0e2a8e9bf26aad0c39e00c6;1;2018-12-29;1;0;99;5;1
100;ultrices.mauris@ultriciessem.org;5d68217d0c3ddfc029f1f8f2e61a80a8256342f27893ff0fe55da861e75325d6f7c805a26cae587f01aee7980700e8f06422c233a0e2a8e9bf26aad0c39e00c6;1;2018-05-22;1;0;100;4;1
101;sem@velit.ca;5d68217d0c3ddfc029f1f8f2e61a80a8256342f27893ff0fe55da861e75325d6f7c805a26cae587f01aee7980700e8f06422c233a0e2a8e9bf26aad0c39e00c6;1;2018-11-22;1;0;101;5;1
102;euismod.in@Proineget.edu;5d68217d0c3ddfc029f1f8f2e61a80a8256342f27893ff0fe55da861e75325d6f7c805a26cae587f01aee7980700e8f06422c233a0e2a8e9bf26aad0c39e00c6;1;2020-04-14;1;0;102;4;1
103;magna.Suspendisse.tristique@mollisPhasellus.org;5d68217d0c3ddfc029f1f8f2e61a80a8256342f27893ff0fe55da861e75325d6f7c805a26cae587f01aee7980700e8f06422c233a0e2a8e9bf26aad0c39e00c6;1;2019-08-16;1;0;103;5;1
104;at@ipsum.co.uk;5d68217d0c3ddfc029f1f8f2e61a80a8256342f27893ff0fe55da861e75325d6f7c805a26cae587f01aee7980700e8f06422c233a0e2a8e9bf26aad0c39e00c6;1;2019-02-03;1;0;104;4;1
105;enim@euodiotristique.net;5d68217d0c3ddfc029f1f8f2e61a80a8256342f27893ff0fe55da861e75325d6f7c805a26cae587f01aee7980700e8f06422c233a0e2a8e9bf26aad0c39e00c6;1;2019-08-22;1;0;105;5;1
106;sed.pede.nec@nectempusscelerisque.net;5d68217d0c3ddfc029f1f8f2e61a80a8256342f27893ff0fe55da861e75325d6f7c805a26cae587f01aee7980700e8f06422c233a0e2a8e9bf26aad0c39e00c6;1;2019-03-23;1;0;106;5;1
